Line #1,,,Line #2,,,
,,,,,,
6.130884E-01,1.614350E+01,,6.234214E-01,2.044843E+01,,
8.025258E-01,4.304933E+01,,8.335247E-01,5.704036E+01,,
9.954076E-01,9.578475E+01,,1.002296E+00,1.043946E+02,,
1.150402E+00,1.549776E+02,,1.167623E+00,1.646637E+02,,
1.305396E+00,2.249327E+02,,1.312285E+00,2.281614E+02,,
1.456946E+00,3.067265E+02,,1.429392E+00,2.873543E+02,,
1.556831E+00,3.659193E+02,,1.570608E+00,3.605381E+02,,
1.649828E+00,4.261883E+02,,1.667049E+00,4.175785E+02,,
1.739380E+00,4.875336E+02,,1.777268E+00,4.853812E+02,,
1.822044E+00,5.434978E+02,,1.866820E+00,5.434978E+02,,
1.908152E+00,6.080717E+02,,1.952928E+00,6.026906E+02,,
1.994259E+00,6.747982E+02,,2.045924E+00,6.683408E+02,,
2.056257E+00,7.221525E+02,,2.132032E+00,7.307623E+02,,
2.142365E+00,7.931839E+02,,2.221584E+00,7.985650E+02,,
2.235362E+00,8.695964E+02,,2.314581E+00,8.685202E+02,,
2.352468E+00,9.707623E+02,,2.411022E+00,9.449327E+02,,
,,,2.497130E+00,1.015964E+03,,
,,,,,,
,,,,,,
,,,,,,
,,,,,,
