Line #1,,,Line #2,,,Line #3,,,Line #4,
,,,,,,,,,,
1.011494E+00,2.095067E+02,,1.011494E+00,2.238565E+02,,1.011494E+00,1.800897E+02,,1.011494E+00,2.037668E+02
1.504598E+00,2.367713E+02,,1.529885E+00,2.539910E+02,,1.504598E+00,1.793722E+02,,1.491954E+00,2.037668E+02
1.985057E+00,2.640359E+02,,1.985057E+00,2.798206E+02,,1.985057E+00,1.793722E+02,,2.010345E+00,2.030493E+02
2.503448E+00,2.920179E+02,,2.414943E+00,3.056502E+02,,2.541379E+00,1.793722E+02,,2.503448E+00,2.030493E+02
2.983908E+00,3.192825E+02,,2.844828E+00,3.300448E+02,,2.958621E+00,1.793722E+02,,2.958621E+00,2.030493E+02
3.527586E+00,3.486996E+02,,3.375862E+00,3.608969E+02,,3.514943E+00,1.793722E+02,,3.514943E+00,2.030493E+02
3.995402E+00,3.738117E+02,,3.831034E+00,3.867265E+02,,4.008046E+00,1.800897E+02,,3.957471E+00,2.037668E+02
4.526437E+00,4.025112E+02,,4.045977E+00,3.989238E+02,,4.640230E+00,1.815247E+02,,4.564368E+00,2.044843E+02
4.994253E+00,4.261883E+02,,4.551724E+00,4.269058E+02,,5.006897E+00,1.822422E+02,,4.994253E+00,2.052018E+02
5.537931E+00,4.527354E+02,,4.931034E+00,4.477130E+02,,5.537931E+00,1.836771E+02,,5.462069E+00,2.059193E+02
5.993103E+00,4.749776E+02,,5.424138E+00,4.735426E+02,,6.031034E+00,1.851121E+02,,6.031034E+00,2.073543E+02
6.536782E+00,4.993722E+02,,5.891954E+00,4.972197E+02,,6.637931E+00,1.872646E+02,,6.511494E+00,2.087892E+02
7.004598E+00,5.187444E+02,,6.372414E+00,5.208969E+02,,7.004598E+00,1.886996E+02,,6.979310E+00,2.102242E+02
7.535632E+00,5.409865E+02,,6.878161E+00,5.431390E+02,,7.573563E+00,1.908520E+02,,7.447126E+00,2.116592E+02
8.003448E+00,5.582063E+02,,7.447126E+00,5.682511E+02,,8.003448E+00,1.922870E+02,,8.003448E+00,2.130942E+02
8.559770E+00,5.761435E+02,,7.914943E+00,5.861883E+02,,8.534483E+00,1.937220E+02,,8.597701E+00,2.152466E+02
9.002299E+00,5.897758E+02,,8.445977E+00,6.048430E+02,,8.951724E+00,1.958744E+02,,9.052874E+00,2.166816E+02
9.508046E+00,6.005381E+02,,8.926437E+00,6.199103E+02,,9.457471E+00,1.973094E+02,,9.520690E+00,2.188341E+02
9.988506E+00,6.091480E+02,,9.520690E+00,6.321076E+02,,1.000115E+01,1.994619E+02,,9.975862E+00,2.209865E+02
1.049425E+01,6.184753E+02,,9.975862E+00,6.400000E+02,,1.040575E+01,2.008969E+02,,1.043103E+01,2.224215E+02
1.094943E+01,6.270852E+02,,1.054483E+01,6.500448E+02,,1.092414E+01,2.023318E+02,,1.091149E+01,2.245740E+02
,,,,,,,,,,
,,,,,,,,,,
,,,,,,,,,,
